{
    "loss": 1.2930420637130737,
    "accuracy": 0.33086681365966797
}