{
    "loss": 1.2912482023239136,
    "accuracy": 0.3625792860984802
}