{
    "loss": 1.3565369844436646,
    "accuracy": 0.3160676658153534
}